date,period,item_id,name,query,title,url,price_original,price_promo,price_final,qty_base,unit,unit_price_base,in_stock,promo_flag
2025-09-16,2025-09,papel_higienico_higienol_plus_4un,Papel higiénico Higienol Premium doble hoja 30 m 4 un,PINNED,Papel higiénico Higienol Premium doble hoja 30 m 4 un,https://supermercado.laanonimaonline.com/limpieza/papeles-y-bolsas/papel-higienico/papel-higienico-higienol-premium-doble-hoja-30-m-4-un/art_27318/,305.0,3538.46,3538.46,1.0,unit,3538.46,True,True
2025-09-16,2025-09,pecho_cerdo_delipork_kg,Pecho de cerdo c/ manta Delipork (Kg),PINNED,Pecho de Cerdo c/ Manta Delipork (Kg),https://supermercado.laanonimaonline.com/carniceria/pecho-de-cerdo-c-manta-delipork-kg/art_1507/,9890.0,9890.0,9890.0,1.0,unit,9890.0,True,True
2025-09-16,2025-09,lavandina_gel_vim_700cc,Lavandina gel Vim x 700 cc,PINNED,Lavandina Gel Original Poder Desinfectante Vim x 700 cc.,https://supermercado.laanonimaonline.com/limpieza/cocina-y-bano/lavandina/lavandina-gel-original-poder-desinfectante-vim-x-700-cc/art_28306/,3000.0,3000.0,3000.0,0.7,l,4285.714285714286,True,True
2025-09-16,2025-09,queso_cremoso_cremon_laserenisima_1kg,Queso cremoso Cremón La Serenísima x 1 kg,PINNED,Queso Cremoso Cremón La Serenísima x 1 kg.,https://supermercado.laanonimaonline.com/frescos/queso-cremoso-cremon-la-serenisima-x-1-kg/art_1619/,15450.0,15450.0,15450.0,1.0,kg,15450.0,True,True
2025-09-16,2025-09,limpiador_vidrios_mr_musculo_360cc,Limpiavidrios Mr. Músculo aerosol x 360 cc,PINNED,Limpiavidrios Mr. Musculo Aerosol 360 cc,https://supermercado.laanonimaonline.com/limpieza/cocina-y-bano/vidrios-y-multiusos/limpiavidrios-mr-musculo-aerosol-360-cc/art_28868/,3950.0,3950.0,3950.0,0.0,l,,True,True
2025-09-16,2025-09,fideos_tallarines_la_anonima_500g,Fideos Tallarín La Anónima x 500 g,PINNED,Fideos Tallarín La Anónima x 500 g.,https://supermercado.laanonimaonline.com/almacen/arroz-pastas-y-legumbres/fideos-tallarin-la-anonima-x-500-g/art_2021/,1415.0,1750.0,1750.0,0.5,kg,3500.0,True,True
2025-09-16,2025-09,bastones_merluza_la_300g,Bastones de merluza rebozados La Anónima x 300 g,PINNED,Bastones de Merluza Rebozados La Anónima x 300 gr.,https://supermercado.laanonimaonline.com/congelados/pescados-y-mariscos/bastones-de-merluza-rebozados-la-anonima-x-300-gr/art_3122/,2950.0,2950.0,2950.0,0.3,kg,9833.333333333334,True,True
2025-09-16,2025-09,harina_morixe_0000_1kg,Harina de trigo 0000 Morixe x 1 kg,PINNED,Harina de Trigo 0000 Morixe x 1 Kg.,https://supermercado.laanonimaonline.com/almacen/harinas/harinas-de-trigo/harina-de-trigo-0000-morixe-x-1-kg/art_2046/,1300.0,830.0,830.0,1.0,kg,830.0,True,True
2025-09-16,2025-09,queso_rallado_tregar_40g,Queso rallado Tregar x 40 g,PINNED,Queso Rallado Tregar x 40 g.,https://supermercado.laanonimaonline.com/frescos/quesos-y-fiambres/queso-rallado-tregar-x-40-g/art_1318/,1850.0,1850.0,1850.0,0.04,kg,46250.0,True,True
2025-09-16,2025-09,desodorante_ambiente_glade_potpourri_380cc,Desodorante de ambientes Glade potpourrí aerosol x 380 cc,PINNED,Desodorante de ambientes Glade Aerosol Potpourrí 380 cc,https://supermercado.laanonimaonline.com/limpieza/aromatizantes-y-desinfectantes/desodorante-de-ambientes-glade-aerosol-potpourri-380-cc/art_26678/,3200.0,3200.0,3200.0,0.0,l,,True,True
2025-09-16,2025-09,cafe_la_virginia_clasico_250g,Café molido clásico La Virginia x 250 g,PINNED,Café Molido Clásico La Virginia x 250 g.,https://supermercado.laanonimaonline.com/caf-1-molido-cl-1sico-la-virginia-x-250-g/art_716/,410.0,410.0,410.0,0.25,kg,1640.0,True,True
2025-09-16,2025-09,jabon_liquido_manos_dove_repuesto_220cc,Jabón líquido para manos Dove repuesto x 220 cc,PINNED,Jabón Líquido para Manos Dove Cremoso Repuesto x 220 cc.,https://supermercado.laanonimaonline.com/perfumeria/jabones-de-tocador/jabon-liquido-para-manos-dove-cremoso-repuesto-x-220-cc/art_184/,3650.0,3650.0,3650.0,0.22,l,16590.909090909092,True,True
2025-09-16,2025-09,gatorade_maracuya_500cc,Isotónica Gatorade Maracuyá botella 500 cc,PINNED,Bebida Maracuyá Gatorade x 500 cc.,https://supermercado.laanonimaonline.com/bebidas/isotonicas-y-energizantes/bebida-maracuya-gatorade-x-500-cc/art_27561/,2550.0,2550.0,2550.0,0.5,l,5100.0,True,True
2025-09-16,2025-09,langostinos_oceanblue_500g,Langostinos pelados crudos Ocean Blue x 500 g,PINNED,Langostinos Pelados Crudos Ocean Blue x 500 gr.,https://supermercado.laanonimaonline.com/congelados/pescados-y-mariscos/langostinos-pelados-crudos-ocean-blue-x-500-gr/art_3234/,18600.0,18600.0,18600.0,0.5,kg,37200.0,True,True
2025-09-16,2025-09,prestobarba3_gillette_4un,Máquinas de afeitar Gillette Prestobarba 3 x 4 un,PINNED,Maquina Afeitar Prestobarba 3 Gillette x 4 Un.,https://supermercado.laanonimaonline.com/perfumeria/cuidado-personal/afeitado-y-depilacion/maquina-afeitar-prestobarba-3-gillette-x-4-un/art_18357/,595.0,595.0,595.0,1.0,unit,595.0,True,True
2025-09-16,2025-09,azucar_ledesma_1kg,Azúcar blanca Ledesma x 1 kg,PINNED,Azúcar Blanca Ledesma x 1 Kg.,https://supermercado.laanonimaonline.com/almacen/desayuno-y-merienda/azucar-y-endulzantes/azucar-blanca-ledesma-x-1-kg/art_1/,1255.0,1255.0,1255.0,1.0,kg,1255.0,True,True
2025-09-16,2025-09,papel_higienico_best_4x30m,Papel higiénico hoja simple Best 4 x 30 m,PINNED,Papel Higiénico Hoja Simple Best 4 x 30 metros,https://supermercado.laanonimaonline.com/limpieza/papeles-y-bolsas/papel-higienico/papel-higienico-hoja-simple-best-4-x-30-metros/art_2955/,5900.0,2450.0,2450.0,1.0,unit,2450.0,True,True
2025-09-16,2025-09,gatorade_manzana_500cc,Isotónica Gatorade Manzana botella 500 cc,PINNED,Isotónica Gatorade Manzana Botella 500cc x1,https://supermercado.laanonimaonline.com/bebidas/isotonicas-y-energizantes/isotonica-gatorade-manzana-botella-500cc-x1/art_2606/,1650.0,1650.0,1650.0,0.0,l,,True,True
2025-09-16,2025-09,carne_picada_estancias_500g,Carne picada E/V Estancias LA x 500 g,PINNED,Carne Picada E/V Estancias LA x 500 g.,https://supermercado.laanonimaonline.com/carniceria/carne-vacuna/carne-picada-e-v-estancias-la-x-500-g/art_1382/,8840.0,8840.0,8840.0,0.5,kg,17680.0,True,True
2025-09-16,2025-09,desodorante_dove_original_150cc,Antitranspirante Dove Original aerosol x 150 cc,PINNED,Antitranspirante Aerosol Original Vegano Dove x 150 cc.,https://supermercado.laanonimaonline.com/perfumeria/antitranspirante-aerosol-original-vegano-dove-x-150-cc/art_19658/,4700.0,4700.0,4700.0,0.15,l,31333.333333333336,True,True
2025-09-16,2025-09,jabon_polvo_skip_800g,Detergente en polvo Skip x 800 g,PINNED,Detergente en Polvo Skip x 800 g.,https://supermercado.laanonimaonline.com/limpieza/ropa/detergente-en-polvo-skip-x-800-g/art_16000/,6.8,6.8,6.8,0.8,kg,8.5,True,True
2025-09-16,2025-09,pizza_sibarita_2un_940g,Pizza a la piedra mozzarella Sibarita x2 un. 940 g,PINNED,Pizza a la Piedra con Mozzarella Congela x 2 Un. Sibarita x 940 g.,https://supermercado.laanonimaonline.com/congelados/empanadas-pizzas-y-tartas/pizza-a-la-piedra-con-mozzarella-congela-x-2-un-sibarita-x-940-g/art_28930/,21050.0,19550.0,19550.0,0.94,kg,20797.872340425532,True,True
2025-09-16,2025-09,nuggets_artico_300g,Nuggets de pollo crocantes Artico x 300 g,PINNED,Nuggets de Pollo Crocantes Artico x 300 g.,https://supermercado.laanonimaonline.com/congelados/nuggets-de-pollo-crocantes-artico-x-300-g/art_15089/,4400.0,4400.0,4400.0,0.3,kg,14666.666666666668,True,True
2025-09-16,2025-09,pulpa_tomate_arcor_520g,Pulpa de tomate Arcor suave brick x 520 g,PINNED,Pulpa de Tomate Arcor Suave Brick x 520 g.,https://supermercado.laanonimaonline.com/almacen/conservas-y-encurtidos/pulpa-de-tomate-arcor-suave-brick-x-520-g/art_3448/,870.0,870.0,870.0,0.52,kg,1673.076923076923,True,True
2025-09-16,2025-09,detergente_magistral_500cc,Detergente líquido Magistral limón x 500 cc,PINNED,Detergente Líquido Ultra Limón Magistral x 500 cc.,https://supermercado.laanonimaonline.com/limpieza/cocina-y-bano/detergentes-y-antigrasas/detergente-liquido-ultra-limon-magistral-x-500-cc/art_28086/,2355.0,4250.0,4250.0,0.5,l,8500.0,True,True
2025-09-16,2025-09,milanesa_carne_la_kg,Milanesa de carne La Anónima (Kg),PINNED,Milanesa de Carne La Anónima (Kg),https://supermercado.laanonimaonline.com/carniceria/carne-vacuna/milanesa-de-carne-la-anonima-kg/art_741/,10590.0,10590.0,10590.0,1.0,unit,10590.0,True,True
2025-09-16,2025-09,lavandina_ayudin_2l,Lavandina original Ayudín x 2 L,PINNED,Lavandina Original Ayudín x 2 Lt.,https://supermercado.laanonimaonline.com/limpieza/cocina-y-bano/lavandina/lavandina-original-ayud-1n-x-2-lt/art_28387/,2550.0,2550.0,2550.0,2.0,l,1275.0,True,True
2025-09-16,2025-09,pollo_fresco_la_kg,Pollo fresco La Anónima (Kg),PINNED,Pollo Fresco La Anónima (Kg),https://supermercado.laanonimaonline.com/carniceria/pollo/pollo-fresco-la-anonima-kg/art_2330/,5159.0,3690.0,3690.0,1.0,unit,3690.0,True,True
2025-09-16,2025-09,banana_ecuador_kg,Banana Ecuador (Kg),PINNED,Banana Ecuador (Kg),https://supermercado.laanonimaonline.com/frutas-y-verduras/frutas-frescas/banana-ecuador-kg/art_2393/,2990.0,2990.0,2990.0,1.0,unit,2990.0,True,True
2025-09-16,2025-09,papel_higienico_la_anonima_4x80m,Papel higiénico hoja simple La Anónima 4 x 80 m,PINNED,Papel Higiénico Hoja Simple La Anónima 4 x 80 metros,https://supermercado.laanonimaonline.com/limpieza/papeles-y-bolsas/papel-higienico/papel-higi-1nico-hoja-simple-la-an-1nima-4-x-80-metros/art_2957/,2650.0,5300.0,5300.0,1.0,unit,5300.0,True,True
2025-09-16,2025-09,papas_simplot_1_1kg,"Papas corte tradicional Simplot x 1,1 kg",PINNED,"Papas Corte Tradicional Simplot x 1,1 Kg.",https://supermercado.laanonimaonline.com/congelados/papas-corte-tradicional-simplot-x-1-1-kg/art_10431/,7250.0,7250.0,7250.0,1.1,kg,6590.90909090909,True,True
2025-09-16,2025-09,hamb_la_4u_320g,Hamburguesa de carne La Anónima x 4 un. 320 g,PINNED,Hamburguesa de Carne Vacuna x 4 un. La Anónima x 320 gr.,https://supermercado.laanonimaonline.com/congelados/hamburguesas/hamburguesa-de-carne-vacuna-x-4-un-la-anonima-x-320-gr/art_956/,5400.0,5400.0,5400.0,0.32,kg,16875.0,True,True
2025-09-16,2025-09,panales_pampers_xg_30un,Pañales Pampers Pants XG x 30 un,PINNED,Pañal XG Pants Pampers x 30 un.,https://supermercado.laanonimaonline.com/mundo-bebe/panales/panal-xg-pants-pampers-x-30-un/art_16306/,949.0,949.0,949.0,1.0,unit,949.0,True,True
2025-09-16,2025-09,coca_cola_lata_354cc,Gaseosa Coca-Cola lata x 354 cc,PINNED,Gaseosa Cola Lata Coca Cola x 354 cc.,https://supermercado.laanonimaonline.com/bebidas/gaseosas/gaseosa-cola-lata-coca-cola-x-354-cc/art_6976/,1150.0,958.3,958.3,0.354,l,2707.062146892655,True,True
2025-09-16,2025-09,detergente_best_limon_300cc,Detergente líquido concentrado Best limón x 300 cc,PINNED,Detergente Líquido Concentrado Best Limón x 300 cc.,https://supermercado.laanonimaonline.com/limpieza/cocina-y-bano/detergentes-y-antigrasas/detergente-liquido-concentrado-best-limon-x-300-cc/art_6469/,1600.0,1600.0,1600.0,0.3,l,5333.333333333334,True,True
2025-09-16,2025-09,jabon_liquido_manos_dove_250cc,Jabón líquido para manos Dove karité & vainilla x 250 cc,PINNED,Jabón Líquido Manos Karite & Vainilla Dove x 250 cc.,https://supermercado.laanonimaonline.com/perfumeria/cuidado-personal/jabon/jabon-liquido-manos-karite-vainilla-dove-x-250-cc/art_9806/,237.0,237.0,237.0,0.25,l,948.0,True,True
2025-09-16,2025-09,fideos_nido2_la_anonima_500g,Fideos al Huevo Nido 2 La Anónima x 500 g,PINNED,Fideos al Huevo Nido 2 La Anónima x 500 g.,https://supermercado.laanonimaonline.com/almacen/arroz-pastas-y-legumbres/fideos-al-huevo-nido-2-la-anonima-x-500-g/art_21775/,2450.0,2450.0,2450.0,0.5,kg,4900.0,True,True
2025-09-16,2025-09,aceite_girasol_natura_1_5l,"Aceite de girasol Natura x 1,5 L",PINNED,"Aceite de Girasol Natura x 1,5 Lt.",https://supermercado.laanonimaonline.com/almacen/aceite-aderezos-y-condimentos/aceite-de-girasol-natura-x-1-5-lt/art_1963/,5100.0,4800.0,4800.0,1.5,l,3200.0,True,True
2025-09-16,2025-09,mix_primavera_la_400g,Mix primavera La Anónima x 400 g,PINNED,Mix Primavera Súper La Anónima x 400 gr.,https://supermercado.laanonimaonline.com/frutas-y-verduras/mix-primavera-super-la-anonima-x-400-gr/art_109/,6550.0,6550.0,6550.0,0.4,kg,16375.0,True,True
2025-09-16,2025-09,papel_higienico_felpita_12un,Papel higiénico hoja simple Felpita 12 un,PINNED,Papel Higiénico Hoja Simple 30 m x 12 Un. Felpita x 36 m2,https://supermercado.laanonimaonline.com/limpieza/papeles-y-bolsas/papel-higienico/papel-higienico-hoja-simple-30-m-x-12-un-felpita-x-36-m2/art_26303/,5900.0,6050.0,6050.0,1.0,unit,6050.0,True,True
2025-09-16,2025-09,insecticida_raid_max_hormigas_360cc,Insecticida Raid Max mata hormigas aerosol x 360 cc,PINNED,Insecticida Raid Max Mata Hormigas en Aerosol 360 cc,https://supermercado.laanonimaonline.com/limpieza/insecticidas/insecticida-raid-max-mata-hormigas-en-aerosol-360-cc/art_25562/,8750.0,8750.0,8750.0,0.0,l,,True,True
2025-09-16,2025-09,pure_tomate_arcor_520g,Purée de tomate Arcor brick x 520 g,PINNED,Pure de Tomate Brick Arcor x 520 g.,https://supermercado.laanonimaonline.com/almacen/conservas-y-encurtidos/pure-de-tomate-brick-arcor-x-520-g/art_27641/,690.0,690.0,690.0,0.52,kg,1326.923076923077,True,True
2025-09-16,2025-09,leche_lv_entera_la_anonima_1l,Leche L.V. Entera La Anónima x 1 lt,PINNED,Leche L.V. Entera La Anónima x 1 lt.,https://supermercado.laanonimaonline.com/frescos/lacteos/leches/leche-l-v-entera-la-anonima-x-1-lt/art_1824/,1990.0,1990.0,1990.0,1.0,l,1990.0,True,True
2025-09-16,2025-09,detergente_best_manzana_300cc,Detergente líquido concentrado Best manzana x 300 cc,PINNED,Detergente Liquido Concentrado Best Manzana x 300 cc.,https://supermercado.laanonimaonline.com/limpieza/detergente-liquido-concentrado-best-manzana-x-300-cc/art_6470/,1600.0,1600.0,1600.0,0.3,l,5333.333333333334,True,True
2025-09-16,2025-09,leche_entera_lechelita_1l,Leche entera UAT Lechelita x 1 lt,PINNED,Leche entera Uat Lechelita x 1 Lt.,https://supermercado.laanonimaonline.com/frescos/lacteos/leche-entera-uat-lechelita-x-1-lt/art_17233/,1500.0,1500.0,1500.0,1.0,l,1500.0,True,True
2025-09-16,2025-09,queso_rallado_laserenisima_40g,Queso rallado La Serenísima x 40 g,PINNED,Queso Rallado La Serenísima x 40 g.,https://supermercado.laanonimaonline.com/frescos/quesos-y-fiambres/quesos/queso-rallado-la-serenisima-x-40-g/art_2278/,62.0,62.0,62.0,0.04,kg,1550.0,True,True
2025-09-16,2025-09,bocaditos_sadia_300g,Bocaditos Crunchy Chicken Sadia x 300 g,PINNED,Bocaditos Crunchy Chicken Sadia x 300 g.,https://supermercado.laanonimaonline.com/congelados/milanesas-y-rebozados/pollo/bocaditos-crunchy-chicken-sadia-x-300-g/art_29092/,5950.0,5950.0,5950.0,0.3,kg,19833.333333333336,True,True
2025-09-16,2025-09,gatorade_green_mango_500cc,Isotónica Gatorade Green Mango botella 500 cc,PINNED,Bebida Green Mango Gatorade x 500 cc.,https://supermercado.laanonimaonline.com/bebidas/isotonicas-y-energizantes/bebida-green-mango-gatorade-x-500-cc/art_29089/,2550.0,2550.0,2550.0,0.5,l,5100.0,True,True
2025-09-16,2025-09,tomate_perita_entero_la_anonima_400g,Tomate perita entero La Anónima x 400 g,PINNED,Tomate Perita Entero La Anónima x 400 g.,https://supermercado.laanonimaonline.com/almacen/conservas-y-encurtidos/tomates-y-salsas/tomate-perita-entero-la-anonima-x-400-g/art_25228/,1300.0,1300.0,1300.0,0.4,kg,3250.0,True,True
2025-09-16,2025-09,harina_blancaflor_0000_1kg,Harina de trigo 0000 Blancaflor x 1 kg,PINNED,Harina de Trigo 0000 Blancaflor x 1 Kg.,https://supermercado.laanonimaonline.com/almacen/harina-y-pan-rallado/harina-de-trigo/harina-de-trigo-0000-blancaflor-x-1-kg/art_27492/,1550.0,1550.0,1550.0,1.0,kg,1550.0,True,True
2025-09-16,2025-09,tapa_bife_fbmeats_kg,Tapa de bife envasado al vacío FB MEATS (Kg),PINNED,Tapa de Bife Envasado al Vacío FB MEATS (Kg),https://supermercado.laanonimaonline.com/carniceria/carne-vacuna/tapa-de-bife-envasado-al-vacio-fb-meats-kg/art_28184/,2750.0,9490.0,9490.0,1.0,unit,9490.0,True,True
2025-09-16,2025-09,yerba_playadito_1kg,Yerba mate c/palo Suave Playadito x 1 kg,PINNED,Yerba Mate c/Palo Suave Playadito x 1 Kg.,https://supermercado.laanonimaonline.com/almacen/infusiones/yerbas/yerba-mate-c-palo-suave-playadito-x-1-kg/art_12710/,6150.0,5050.0,5050.0,1.0,kg,5050.0,True,True
2025-09-16,2025-09,papas_smiles_mccain_700g,Papas Smiles McCain x 700 g,PINNED,Papas Smiles Mc Cain x 700 g.,https://supermercado.laanonimaonline.com/congelados/papas-y-vegetales/papas-smiles-mc-cain-x-700-g/art_26741/,10050.0,9500.0,9500.0,0.7,kg,13571.428571428572,True,True
2025-09-16,2025-09,uvas_kg,Uvas (Kg),PINNED,Uvas (Kg),https://supermercado.laanonimaonline.com/frutas-y-verduras/frutas-frescas/uvas-kg/art_2406/,8990.0,8990.0,8990.0,1.0,unit,8990.0,True,True
2025-09-16,2025-09,fideos_huevo_la_anonima_500g,Tallarín al Huevo La Anónima x 500 g,PINNED,Tallarín al Huevo La Anónima x 500 g.,https://supermercado.laanonimaonline.com/almacen/fideos/tallarin-al-huevo-la-anonima-x-500-g/art_27297/,2450.0,2450.0,2450.0,0.5,kg,4900.0,True,True
2025-09-16,2025-09,leche_lv_entera_manfrey_1l,Leche L.V. Entera Manfrey x 1 lt,PINNED,Leche L.V. Entera Manfrey x 1 Lt.,https://supermercado.laanonimaonline.com/frescos/leche-l-v-entera-manfrey-x-1-lt/art_11147/,1800.0,1800.0,1800.0,1.0,l,1800.0,True,True
2025-09-16,2025-09,pollo_parrillero_pollolin_kg,Pollo parrillero Pollolín (Kg),PINNED,Pollo Parrillero Pollolin (Kg),https://supermercado.laanonimaonline.com/carniceria/pollo/pollo-parrillero-pollolin-kg/art_26804/,6940.0,6940.0,6940.0,1.0,unit,6940.0,True,True
2025-09-16,2025-09,tapa_asado_best_kg,Tapa de asado Best (Kg),PINNED,Tapa de Asado Best (Kg),https://supermercado.laanonimaonline.com/tapa-de-asado-best-kg/art_1296/,15230.0,15230.0,15230.0,1.0,unit,15230.0,True,True
2025-09-16,2025-09,espuma_afeitar_gillette_312g,Espuma de afeitar Gillette Regular x 312 g,PINNED,Espuma de Afeitar Regular Gillette x 312 g.,https://supermercado.laanonimaonline.com/perfumeria/cuidado-personal/espuma-de-afeitar-regular-gillette-x-312-g/art_21782/,10600.0,10600.0,10600.0,0.312,kg,33974.35897435898,True,True
2025-09-16,2025-09,acond_dove_reconstruccion_400cc,Acondicionador Dove Reconstrucción Completa x 400 cc,PINNED,Acondicionador Reconstrucción Completa Dove x 400 cc.,https://supermercado.laanonimaonline.com/perfumeria/cuidado-cabello/acondicionador/acondicionador-reconstruccion-completa-dove-x-400-cc/art_2467/,328.0,328.0,328.0,0.4,l,820.0,True,True
2025-09-16,2025-09,sal_fina_light_estuche_dos_anclas_500g,Sal fina light estuche Dos Anclas x 500 g,PINNED,Sal Fina Light Dos Anclas Estuche x 500 g.,https://supermercado.laanonimaonline.com/almacen/aceite-aderezos-y-condimentos/sal-fina-light-dos-anclas-estuche-x-500-g/art_2122/,4550.0,4550.0,4550.0,0.5,kg,9100.0,True,True
2025-09-16,2025-09,gatorade_cool_blue_500cc,Isotónica Gatorade Cool Blue botella 500 cc,PINNED,Isotónica Gatorade Cool Blue Botella 500cc x1,https://supermercado.laanonimaonline.com/bebidas/isotonicas-y-energizantes/isotonica-gatorade-cool-blue-botella-500cc-x1/art_2603/,2650.0,1650.0,1650.0,0.0,l,,True,True
2025-09-16,2025-09,desodorante_rexona_clinical_150cc,Antitranspirante Rexona Clinical aerosol x 150 cc,PINNED,Antitranspirante Aerosol Clinical Clásica Rexona x 150 cc.,https://supermercado.laanonimaonline.com/perfumeria/cuidado-personal/antitranspirante-aerosol-clinical-clasica-rexona-x-150-cc/art_24687/,6400.0,6400.0,6400.0,0.15,l,42666.66666666667,True,True
2025-09-16,2025-09,aderezo_rallado_best_40g,Aderezo rallado sabor queso Best x 40 g,PINNED,Aderezo Rallado Sabor Queso Best x 40 g.,https://supermercado.laanonimaonline.com/frescos/quesos-y-fiambres/aderezo-rallado-sabor-queso-best-x-40-g/art_29196/,850.0,850.0,850.0,0.04,kg,21250.0,True,True
2025-09-16,2025-09,antigrasa_mr_musculo_repuesto_450cc,Antigrasa Mr. Músculo repuesto x 450 cc,PINNED,Limpiador de Cocina Mr Musculo Antigrasa Repuesto 450 cc,https://supermercado.laanonimaonline.com/limpieza/cocina-y-bano/limpiador-de-cocina-mr-musculo-antigrasa-repuesto-450-cc/art_18945/,5900.0,2400.0,2400.0,0.0,l,,True,True
2025-09-16,2025-09,harina_canuelas_000_1kg,Harina de trigo 000 Cañuelas x 1 kg,PINNED,Harina de Trigo 000 Cañuelas x 1 Kg.,https://supermercado.laanonimaonline.com/almacen/harina-y-pan-rallado/harina-de-trigo/harina-de-trigo-000-canuelas-x-1-kg/art_4/,183.0,183.0,183.0,1.0,kg,183.0,True,True
2025-09-16,2025-09,fideos_tallarines_cica_500g,Fideos Tallarines Cica x 500 g,PINNED,Fideos Tallarines Cica x 500 g.,https://supermercado.laanonimaonline.com/almacen/arroz-pastas-y-legumbres/fideos-tallarines-cica-x-500-g/art_14009/,125.0,125.0,125.0,0.5,kg,250.0,True,True
2025-09-16,2025-09,limon_kg,Limón (Kg),PINNED,Limón (Kg),https://supermercado.laanonimaonline.com/frutas-y-verduras/frutas-frescas/limon-kg/art_2395/,1790.0,1790.0,1790.0,1.0,unit,1790.0,True,True
2025-09-16,2025-09,yerba_amanda_1kg,Yerba mate tradicional Amanda x 1 kg,PINNED,Yerba Mate Tradicional Amanda x 1 kg.,https://supermercado.laanonimaonline.com/almacen/yerba-mate-tradicional-amanda-x-1-kg/art_3180/,4500.0,3950.0,3950.0,1.0,kg,3950.0,True,True
2025-09-16,2025-09,azucar_chango_1kg,Azúcar común A Chango x 1 kg,PINNED,Azúcar Común A Chango x 1 Kg.,https://supermercado.laanonimaonline.com/almacen/desayuno-y-merienda/azucar-y-endulzantes/azucar-comun-a-chango-x-1-kg/art_3354/,3320.0,1350.0,1350.0,1.0,kg,1350.0,True,True
2025-09-16,2025-09,cuadrada_estancias_kg,Cuadrada feteada E/V Estancias LA (Kg),PINNED,Cuadrada Feteada E/V Estancias LA (Kg),https://supermercado.laanonimaonline.com/carniceria/cuadrada-feteada-e-v-estancias-la-kg/art_1397/,6809.0,20610.0,20610.0,1.0,unit,20610.0,True,True
2025-09-16,2025-09,perejil_atado_un,Perejil x atado (1 un),PINNED,Perejil X Atado x 1 Un.,https://supermercado.laanonimaonline.com/frutas-y-verduras/perejil-x-atado-x-1-un/art_26855/,2190.0,2190.0,2190.0,1.0,unit,2190.0,True,True
2025-09-16,2025-09,chorizo_parrillero_la_x4_kg,Chorizo fresco tipo parrillero E/V La Anónima x 4 (Kg),PINNED,Chorizo Fresco Tipo Parrillero E/V La Anónima x 4 un (Kg),https://supermercado.laanonimaonline.com/carniceria/chorizo-fresco-tipo-parrillero-e-v-la-anonima-x-4-un-kg/art_3093/,7390.0,7390.0,7390.0,1.0,unit,7390.0,True,True
2025-09-16,2025-09,detergente_ecovita_doypack_450cc,Detergente líquido Ecovita doypack limón x 450 cc,PINNED,Detergente Líquido Ultra Limón Doy Pack Ecovita x 450 cc.,https://supermercado.laanonimaonline.com/limpieza/cocina-y-bano/detergente-liquido-ultra-limon-doy-pack-ecovita-x-450-cc/art_23067/,1929.0,1929.0,1929.0,0.45,l,4286.666666666667,True,True
2025-09-16,2025-09,limpiador_poett_900ml_algodon,Limpiador Poett suavidad de algodón x 900 ml,PINNED,Limpiador Líquido Aromatizante Poett Suavidad de Algodón x 900 ml,https://supermercado.laanonimaonline.com/limpieza/cocina-y-bano/pisos-y-superficies/limpiador-liquido-aromatizante-poett-suavidad-de-algodon-x-900-ml/art_12426/,2050.0,2050.0,2050.0,0.9,l,2277.777777777778,True,True
2025-09-16,2025-09,arvejas_greenlife_350g,Arvejas congeladas Green Life x 350 g,PINNED,Arvejas Congeladas Green Life x 350 g.,https://supermercado.laanonimaonline.com/congelados/papas-y-vegetales/vegetales/arvejas-congeladas-green-life-x-350-g/art_26479/,4350.0,4350.0,4350.0,0.35,kg,12428.57142857143,True,True
2025-09-16,2025-09,pizza_el_noble_515g,Pizza de muzzarella El Noble x 515 g,PINNED,Pizza de Muzzarella El Noble x 515 g.,https://supermercado.laanonimaonline.com/congelados/pizza-de-muzzarella-el-noble-x-515-g/art_28608/,7450.0,7450.0,7450.0,0.515,kg,14466.019417475727,True,True
2025-09-16,2025-09,medallones_merluza_best_300g,Medallones de merluza rebozados Best x 300 g,PINNED,Medallones de Merluza Rebozados Best x 300 g.,https://supermercado.laanonimaonline.com/congelados/pescados-y-mariscos/medallones-de-merluza-rebozados-best-x-300-g/art_28986/,2850.0,2850.0,2850.0,0.3,kg,9500.0,True,True
2025-09-16,2025-09,morrón_variedades_kg,Morrón variedades (Kg),PINNED,Morrón Variedades (Kg),https://supermercado.laanonimaonline.com/frutas-y-verduras/morron-variedades-kg/art_3299/,9490.0,9490.0,9490.0,1.0,unit,9490.0,True,True
2025-09-16,2025-09,coliflor_kg,Coliflor (Kg),PINNED,Pera (Kg),https://supermercado.laanonimaonline.com/frutas-y-verduras/verduras-frescas/coliflor-kg/art_2404/,1990.0,1990.0,1990.0,1.0,unit,1990.0,True,True
2025-09-16,2025-09,fideos_spaghetti_la_anonima_500g,Fideos Spaghetti Lucchetti x 500 g,PINNED,Fideos Spaghetti Lucchetti x 500 g.,https://supermercado.laanonimaonline.com/almacen/arroz-pastas-y-legumbres/fideos-spaghetti-lucchetti-x-500-g/art_7/,240.0,240.0,240.0,0.5,kg,480.0,True,True
2025-09-16,2025-09,desodorante_dove_invisible_150cc,Antitranspirante Dove Invisible Dry aerosol x 150 cc,PINNED,Antitranspirante Aerosol Dove Invisible Dry x 150 cc.,https://supermercado.laanonimaonline.com/perfumeria/cuidado-personal/desodorante/antitranspirante-aerosol-dove-invisible-dry-x-150-cc/art_1151/,5200.0,5200.0,5200.0,0.15,l,34666.66666666667,True,True
2025-09-16,2025-09,nalga_estancias_kg,Nalga s/ tapa feteada E/V Estancias LA (Kg),PINNED,Nalga s/ Tapa Feteada E/V Estancias LA (Kg),https://supermercado.laanonimaonline.com/carniceria/nalga-s-tapa-feteada-e-v-estancias-la-kg/art_1396/,5159.0,21130.0,21130.0,1.0,unit,21130.0,True,True
2025-09-16,2025-09,cepita_durazno_1l,Jugo Natural Cepita Durazno x 1 L,PINNED,Jugo Natural Cepita Durazno x 1 lt.,https://supermercado.laanonimaonline.com/bebidas/aguas-y-jugos/jugo-natural-cepita-durazno-x-1-lt/art_1190/,2200.0,2000.0,2000.0,1.0,l,2000.0,True,True
2025-09-16,2025-09,zanahoria_kg,Zanahoria (Kg),PINNED,Zanahoria (Kg),https://supermercado.laanonimaonline.com/frutas-y-verduras/verduras-frescas/zanahoria-kg/art_2391/,1390.0,1390.0,1390.0,1.0,unit,1390.0,True,True
2025-09-16,2025-09,cebolla_verdeo_kg,Cebolla de verdeo (Kg),PINNED,Cebolla Verdeo (Kg),https://supermercado.laanonimaonline.com/frutas-y-verduras/verduras/cebolla-verdeo-kg/art_2379/,3990.0,3990.0,3990.0,1.0,unit,3990.0,True,True
2025-09-16,2025-09,acond_pantene_miracles_volumen_400cc,Acondicionador Pantene Miracles Volumen x 400 cc,PINNED,Acondicionador Prov-V Miracles Volumen Pantene x 400 cc.,https://supermercado.laanonimaonline.com/perfumeria/cuidado-cabello/acondicionador/acondicionador-prov-v-miracles-volumen-pantene-x-400-cc/art_26766/,7300.0,7300.0,7300.0,0.4,l,18250.0,True,True
2025-09-16,2025-09,suavizante_downy_500cc,Suavizante Downy concentrado brisa fresca x 500 cc,PINNED,Suavizante Concentrado Brisa Fresca Botella Downy x 500 cc.,https://supermercado.laanonimaonline.com/limpieza/ropa/suavizantes/suavizante-concentrado-brisa-fresca-botella-downy-x-500-cc/art_17861/,8900.0,8900.0,8900.0,0.5,l,17800.0,True,True
2025-09-16,2025-09,queso_cremoso_la_anonima_trozado_1kg,Queso cremoso trozado La Anónima x 1 kg,PINNED,Queso Cremoso Trozado La Anónima x 1 kg.,https://supermercado.laanonimaonline.com/frescos/quesos-y-fiambres/queso-cremoso-trozado-la-anonima-x-1-kg/art_2273/,13800.0,13800.0,13800.0,1.0,kg,13800.0,True,True
2025-09-16,2025-09,insecticida_raid_sin_olor_380cc,Insecticida Raid sin olor aerosol x 380 cc,PINNED,Insecticida Raid Mata Moscas y Mosquitos Sin Olor en Aerosol 380 cc,https://supermercado.laanonimaonline.com/limpieza/insecticidas/insecticida-raid-mata-moscas-y-mosquitos-sin-olor-en-aerosol-380-cc/art_25100/,1450.0,7000.0,7000.0,0.0,l,,True,True
2025-09-16,2025-09,desodorante_dove_pepino_150cc,Antitranspirante Dove Go Fresh Pepino x 150 cc,PINNED,Antitranspirante Aerosol Dove Go Fresh Pepino y Té Verde x 150 cc.,https://supermercado.laanonimaonline.com/perfumeria/cuidado-personal/desodorante/antitranspirante-aerosol-dove-go-fresh-pepino-y-te-verde-x-150-cc/art_1152/,211.0,211.0,211.0,0.15,l,1406.6666666666667,True,True
2025-09-16,2025-09,acond_dove_hidratacion_vit_400cc,Acondicionador Dove hidratación Vit A+E x 400 cc,PINNED,Acondicionador Hidratación con Vitamina A y E Dove x 400 cc.,https://supermercado.laanonimaonline.com/perfumeria/cuidado-cabello/acondicionador/acondicionador-hidratacion-con-vitamina-a-y-e-dove-x-400-cc/art_25760/,8200.0,8200.0,8200.0,0.4,l,20500.0,True,True
2025-09-16,2025-09,tapa_asado_estancias_kg,Tapa de asado Estancias LA (Kg),PINNED,Tapa de Asado Estancias LA (Kg),https://supermercado.laanonimaonline.com/carniceria/tapa-de-asado-estancias-la-kg/art_2346/,17660.0,17660.0,17660.0,1.0,unit,17660.0,True,True
2025-09-16,2025-09,yogur_bebible_yogurisimo_sachet_1kg,Yogur bebible Yogurísimo sachet x 1 kg,PINNED,Yogur Bebible Yogurísimo Sachet x 1 Kg.,https://supermercado.laanonimaonline.com/frescos/yogur-bebible-yogurisimo-sachet-x-1-kg/art_383/,128.0,128.0,128.0,1.0,kg,128.0,True,True
2025-09-16,2025-09,papa_bolsita_elegida_kg,Papa bolsita elegida (Kg),PINNED,Papa Bolsita Elegida (Kg),https://supermercado.laanonimaonline.com/frutas-y-verduras/verduras/papa-bolsita-elegida-kg/art_3306/,1790.0,1790.0,1790.0,1.0,unit,1790.0,True,True
2025-09-16,2025-09,panales_huggies_g_40un,Pañales Huggies Supreme Care G x 40 un,PINNED,Pañal G Supreme Care Hiper Huggies x 40 Un.,https://supermercado.laanonimaonline.com/mundo-bebe/panal-g-supreme-care-hiper-huggies-x-40-un/art_24716/,32950.0,32950.0,32950.0,1.0,unit,32950.0,True,True
2025-09-16,2025-09,bola_lomo_best_kg,Bola de lomo Best (Kg),PINNED,Bola de Lomo Best (Kg),https://supermercado.laanonimaonline.com/carniceria/carne-vacuna/bola-de-lomo-best-kg/art_3294/,17790.0,17790.0,17790.0,1.0,unit,17790.0,True,True
2025-09-16,2025-09,medallones_merluza_la_300g,Medallones de merluza rebozados La Anónima x 300 g,PINNED,Medallones de Merluza Rebozados La Anónima x 300 g.,https://supermercado.laanonimaonline.com/congelados/medallones-de-merluza-rebozados-la-anonima-x-300-g/art_3121/,5100.0,2800.0,2800.0,0.3,kg,9333.333333333334,True,True
2025-09-16,2025-09,sal_fina_estuche_dos_anclas_500g,Sal fina estuche Dos Anclas x 500 g,PINNED,Sal Fina Dos Anclas Estuche x 500 g.,https://supermercado.laanonimaonline.com/almacen/aceite-aderezos-y-condimentos/sal-fina-dos-anclas-estuche-x-500-g/art_2121/,1750.0,1750.0,1750.0,0.5,kg,3500.0,True,True
2025-09-16,2025-09,desodorante_axe_musk_150cc,Desodorante Axe Musk aerosol x 150 cc,PINNED,Desodorante Aerosol Musk Axe x 150 cc.,https://supermercado.laanonimaonline.com/perfumeria/desodorantes/desodorante-aerosol-musk-axe-x-150-cc/art_18980/,4100.0,4100.0,4100.0,0.15,l,27333.333333333336,True,True
2025-09-16,2025-09,yogur_bebible_ser_probioticos_1kg,Yogur bebible frutilla con probióticos Ser x 1 kg,PINNED,Yogur Bebible Frutilla Con Probioticos B6 Sachet Ser x 1 Kg.,https://supermercado.laanonimaonline.com/frescos/lacteos/yogures/yogur-bebible-frutilla-con-probioticos-b6-sachet-ser-x-1-kg/art_17526/,535.0,535.0,535.0,1.0,kg,535.0,True,True
2025-09-16,2025-09,arroz_primor_1kg,Arroz largo fino Primor x 1 kg,PINNED,Arroz Largo Fino Primor x 1 Kg.,https://supermercado.laanonimaonline.com/almacen/arroz-y-legumbres/arroz-largo-fino-primor-x-1-kg/art_1601/,1550.0,1550.0,1550.0,1.0,kg,1550.0,True,True
2025-09-16,2025-09,sal_fina_salero_dos_anclas_500g,Sal fina salero Dos Anclas x 500 g,PINNED,Sal Fina Salero Dos Anclas x 500 g.,https://supermercado.laanonimaonline.com/almacen/aceite-aderezos-y-condimentos/sal-fina-salero-dos-anclas-x-500-g/art_6929/,3100.0,3100.0,3100.0,0.5,kg,6200.0,True,True
2025-09-16,2025-09,milanesa_pechuga_pollolin_kg,Milanesas de pechuga de pollo Pollolín (Kg),PINNED,Milanesas de Pechuga de Pollo Pollolin (Kg),https://supermercado.laanonimaonline.com/carniceria/milanesas-de-pechuga-de-pollo-pollolin-kg/art_2326/,12350.0,12350.0,12350.0,1.0,unit,12350.0,True,True
2025-09-16,2025-09,jabon_polvo_ala_800g,Jabón en polvo Ala Ecolavado x 800 g,PINNED,Jabon Polvo Ecolavado Ae Ala x 800 g.,https://supermercado.laanonimaonline.com/limpieza/ropa/jabon-polvo-ecolavado-ae-ala-x-800-g/art_18309/,2900.0,2900.0,2900.0,0.8,kg,3625.0,True,True
2025-09-16,2025-09,suavizante_vivere_900cc,Suavizante Vivere clásico doypack x 900 cc,PINNED,Suavizante Clásico Doy Pack Vivere x 900 cc.,https://supermercado.laanonimaonline.com/limpieza/ropa/suavizantes/suavizante-clasico-doy-pack-vivere-x-900-cc/art_21680/,3350.0,3200.0,3200.0,0.9,l,3555.5555555555557,True,True
2025-09-16,2025-09,harina_chacabuco_000_1kg,Harina de trigo 000 Chacabuco x 1 kg,PINNED,Harina de Trigo 000 Chacabuco x 1 Kg.,https://supermercado.laanonimaonline.com/almacen/harina-y-pan-rallado/harina-de-trigo/harina-de-trigo-000-chacabuco-x-1-kg/art_13/,950.0,950.0,950.0,1.0,kg,950.0,True,True
2025-09-16,2025-09,lechuga_capuchina_kg,Lechuga capuchina (Kg),PINNED,Lechuga Capuchina (Kg),https://supermercado.laanonimaonline.com/frutas-y-verduras/verduras/lechuga-capuchina-kg/art_2383/,1990.0,1990.0,1990.0,1.0,unit,1990.0,True,True
2025-09-16,2025-09,fideos_tirabuzon_lucchetti_500g,Fideos Tirabuzón Lucchetti x 500 g,PINNED,Fideos Tirabuzón Lucchetti x 500 g.,https://supermercado.laanonimaonline.com/almacen/fideos-tirabuzon-lucchetti-x-500-g/art_25363/,1409.0,1700.0,1700.0,0.5,kg,3400.0,True,True
2025-09-16,2025-09,carre_sin_hueso_tutto_kg,Carré s/ hueso congelado Tutto Porkys (Kg),PINNED,Carre sin Hueso Congelado Tutto Porkys (Kg),https://supermercado.laanonimaonline.com/carniceria/cerdo/carre-sin-hueso-congelado-tutto-porkys-kg/art_26964/,2750.0,9790.0,9790.0,1.0,unit,9790.0,True,True
2025-09-16,2025-09,chorizo_vacuno_la_x4_kg,Chorizo fresco vacuno E/V La Anónima x 4 (Kg),PINNED,Chorizo Fresco Vacuno E/V La Anónima x 4 un (Kg),https://supermercado.laanonimaonline.com/carniceria/chorizo-fresco-vacuno-e-v-la-anonima-x-4-un-kg/art_3096/,5159.0,9560.0,9560.0,1.0,unit,9560.0,True,True
2025-09-16,2025-09,queso_cremoso_la_paulina_1kg,Queso cremoso La Paulina x 1 kg,PINNED,Queso Cremoso Horma Entera La Paulina x 1 Kg.,https://supermercado.laanonimaonline.com/frescos/quesos-y-fiambres/queso-cremoso-horma-entera-la-paulina-x-1-kg/art_11530/,7200.0,7200.0,7200.0,1.0,kg,7200.0,True,True
2025-09-16,2025-09,limpiador_poett_1_8l_flores,"Limpiador desinfectante de pisos Poett flores de primavera x 1,8 L",PINNED,Limpiador Líquido Aromatizante Poett Flores de Primavera x 1.8 lts,https://supermercado.laanonimaonline.com/limpiador-desinfectante-de-pisos-poett-flores-de-primavera-x-1-8-l/art_12408/,3600.0,3600.0,3600.0,1.0,unit,3600.0,True,True
2025-09-16,2025-09,coca_cola_light_1_5l,"Gaseosa Coca-Cola Light PET x 1,5 L",PINNED,"Gaseosa Cola Coca-Cola Light Pet x 1,5 lt.",https://supermercado.laanonimaonline.com/bebidas/gaseosas/gaseosa-cola-coca-cola-light-pet-x-1-5-lt/art_2185/,3450.0,3450.0,3450.0,1.5,l,2300.0,True,True
2025-09-16,2025-09,remolacha_sin_hoja_kg,Remolacha s/hoja (Kg),PINNED,Palta (Kg),https://supermercado.laanonimaonline.com/frutas-y-verduras/verduras-frescas/remolacha-s-hoja-kg/art_2403/,6999.0,6999.0,6999.0,1.0,unit,6999.0,True,True
2025-09-16,2025-09,cepita_manzana_1l,Jugo Natural Cepita Manzana x 1 L,PINNED,Jugo Natural Cepita Manzana x 1 Lt.,https://supermercado.laanonimaonline.com/bebidas/aguas-y-jugos/jugo-natural-cepita-manzana-x-1-lt/art_5367/,2200.0,2000.0,2000.0,1.0,l,2000.0,True,True
2025-09-16,2025-09,yogur_bebible_yogurisimo_tetrabrik_1kg,Yogur bebible Vainilla tetrabrik Yogurísimo x 1 kg,PINNED,Yogur Bebible Vainilla Tetrabrik Yogurisimo x 1 Kg.,https://supermercado.laanonimaonline.com/frescos/lacteos/yogur-bebible-vainilla-tetrabrik-yogurisimo-x-1-kg/art_21724/,1595.0,1595.0,1595.0,1.0,kg,1595.0,True,True
2025-09-16,2025-09,bola_lomo_estancias_kg,Bola de lomo feteada E/V Estancias LA (Kg),PINNED,Bola de Lomo Feteada E/V Estancias LA (Kg),https://supermercado.laanonimaonline.com/carniceria/carne-vacuna/bola-de-lomo-feteada-e-v-estancias-la-kg/art_1398/,14440.0,14440.0,14440.0,1.0,unit,14440.0,True,True
2025-09-16,2025-09,shampoo_elvive_color_400cc,Shampoo Elvive Color Vive x 400 cc,PINNED,Shampoo Color Vive Elvive x 400 cc.,https://supermercado.laanonimaonline.com/shampoo-color-vive-elvive-x-400-cc/art_19330/,1300.0,1300.0,1300.0,0.4,l,3250.0,True,True
2025-09-16,2025-09,carne_picada_best_500g,Carne picada envasado al vacío Best x 500 g,PINNED,Carne Picada Envasado al Vacío Best x 500 g.,https://supermercado.laanonimaonline.com/carniceria/carne-picada-envasado-al-vacio-best-x-500-g/art_1380/,6359.0,6900.0,6900.0,0.5,kg,13800.0,True,True
2025-09-16,2025-09,zapallito_redondo_kg,Zapallito redondo (Kg),PINNED,Zapallito Redondo (Kg),https://supermercado.laanonimaonline.com/frutas-y-verduras/verduras-frescas/zapallito-redondo-kg/art_2392/,3990.0,3990.0,3990.0,1.0,unit,3990.0,True,True
2025-09-16,2025-09,gatorade_frutas_tropicales_500cc,Isotónica Gatorade Frutas Tropicales botella 500 cc,PINNED,Isotónica Gatorade Frutas Tropicales Botella 500cc x1,https://supermercado.laanonimaonline.com/bebidas/isotonicas-y-energizantes/isotonica-gatorade-frutas-tropicales-botella-500cc-x1/art_10703/,2650.0,1650.0,1650.0,0.0,l,,True,True
2025-09-16,2025-09,tomate_redondo_kg,Tomate redondo (Kg),PINNED,Tomate Redondo (Kg),https://supermercado.laanonimaonline.com/frutas-y-verduras/tomate-redondo-kg/art_2390/,4990.0,4990.0,4990.0,1.0,unit,4990.0,True,True
2025-09-16,2025-09,yogur_firme_laserenisima_vainilla_190g,Yogur firme descremado vainilla La Serenísima 190 g,PINNED,Yogur Firme Descremado Vainilla La Serenísima Clásico 190 g.,https://supermercado.laanonimaonline.com/frescos/lacteos/yogures/yogur-firme-descremado-vainilla-la-serenisima-x-190-g/art_24523/,1350.0,1650.0,1650.0,0.0,kg,,True,True
2025-09-16,2025-09,gatorade_lima_limon_500cc,Isotónica Gatorade Lima Limón botella 500 cc,PINNED,Isotónica Gatorade Lima Limon Botella 500cc x1,https://supermercado.laanonimaonline.com/bebidas/isotonicas-y-energizantes/isotonica-gatorade-lima-limon-botella-500cc-x1/art_7500/,390.0,390.0,390.0,0.0,l,,True,True
2025-09-16,2025-09,cuarto_trasero_la_kg,Cuarto trasero de pollo La Anónima (Kg),PINNED,Cuarto Trasero de Pollo La Anónima (Kg),https://supermercado.laanonimaonline.com/carniceria/cuarto-trasero-de-pollo-la-anonima-kg/art_1624/,2990.0,2990.0,2990.0,1.0,unit,2990.0,True,True
2025-09-16,2025-09,lechuga_mantecosa_envasada_200g,Lechuga mantecosa envasada x 200 g,PINNED,Lechuga Mantecosa Envasada x 200 gr,https://supermercado.laanonimaonline.com/frutas-y-verduras/lechuga-mantecosa-envasada-x-200-gr/art_3332/,3490.0,3490.0,3490.0,0.2,kg,17450.0,True,True
2025-09-16,2025-09,cepita_naranja_1l,Jugo Natural Cepita Naranja Tentación x 1 L,PINNED,Jugo Natural Cepita Naranja Tentación x 1 lt.,https://supermercado.laanonimaonline.com/bebidas/jugos/jugos-listos/jugo-natural-cepita-naranja-tentacion-x-1-lt/art_1189/,2200.0,2000.0,2000.0,1.0,l,2000.0,True,True
2025-09-16,2025-09,crema_dental_colgate_triple_accion_102g,Crema dental Colgate Triple Acción Xtra Blancura x 102 g,PINNED,Crema Dental Colgate Triple Acción Xtra Blancura x 102 g.,https://supermercado.laanonimaonline.com/perfumeria/cuidado-oral/cremas-dentales/crema-dental-colgate-triple-accion-xtra-blancura-x-102-g/art_4430/,4200.0,4200.0,4200.0,0.102,kg,41176.470588235294,True,True
2025-09-16,2025-09,enjuague_listerine_coolmint_500cc,Enjuague bucal Listerine Cool Mint x 500 cc,PINNED,Enjuague Bucal Cool Mint Intenso Listerine x 500 cc.,https://supermercado.laanonimaonline.com/perfumeria/cuidado-oral/enjuagues/enjuague-bucal-cool-mint-intenso-listerine-x-500-cc/art_17706/,7600.0,7600.0,7600.0,0.5,l,15200.0,True,True
2025-09-16,2025-09,arvejas_granja_300g,Arvejas congeladas Granja del Sol x 300 g,PINNED,Arvejas Congeladas Granja Del Sol x 300 g.,https://supermercado.laanonimaonline.com/frutas-y-verduras/arvejas-congeladas-granja-del-sol-x-300-g/art_24485/,3400.0,3400.0,3400.0,0.3,kg,11333.333333333334,True,True
2025-09-16,2025-09,poett_alegra_tu_dia_1_8l,"Limpiador Poett Alegra tu Día x 1,8 L",PINNED,Limpiador Líquido Aromatizante Poett Alegra tu Día x 1.8 lts,https://supermercado.laanonimaonline.com/limpieza/cocina-y-bano/limpiador-liquido-aromatizante-poett-alegra-tu-dia-x-1-8-lts/art_12436/,3600.0,3600.0,3600.0,1.0,unit,3600.0,True,True
2025-09-16,2025-09,papel_higienico_premium_la_anonima_4x30m,Papel higiénico doble hoja Premium La Anónima 4 x 30 m,PINNED,Papel Higiénico Doble Hoja Premium La Anónima 4 x 30 metros,https://supermercado.laanonimaonline.com/limpieza/papeles/papel-higienico/papel-higienico-doble-hoja-premium-la-anonima-4-x-30-metros/art_1409/,2355.0,3950.0,3950.0,1.0,unit,3950.0,True,True
2025-09-16,2025-09,filet_merluza_artesanos_1kg,Filet de merluza Artesanos del Mar x 1 kg,PINNED,Filet de Merluza Artesanos del Mar x 1 Kg.,https://supermercado.laanonimaonline.com/congelados/pescados-y-mariscos/filet-de-merluza-artesanos-del-mar-x-1-kg/art_26600/,15350.0,15350.0,15350.0,1.0,kg,15350.0,True,True
2025-09-16,2025-09,hamb_paty_clasico_320g,Hamburguesa de carne Clásico Paty x 4 un. 320 g,PINNED,Hamburguesa de Carne Vacuna Clásico Paty x 4 un. 320 gr.,https://supermercado.laanonimaonline.com/congelados/hamburguesas/hamburguesa-de-carne-vacuna-clasico-paty-x-4-un-320-gr/art_859/,5500.0,6100.0,6100.0,0.0,kg,,True,True
2025-09-16,2025-09,sal_gruesa_dos_anclas_estuche_500g,Sal gruesa Dos Anclas estuche x 500 g,PINNED,Sal Gruesa Dos Anclas Estuche x 500 g.,https://supermercado.laanonimaonline.com/almacen/aceite-aderezos-y-condimentos/sal-y-especias/sal-gruesa-dos-anclas-estuche-x-500-g/art_3639/,1300.0,1300.0,1300.0,0.5,kg,2600.0,True,True
2025-09-16,2025-09,jabon_tocador_dove_90g,Jabón tocador Dove original x 90 g,PINNED,Jabón Tocador Original Dove x 90 g.,https://supermercado.laanonimaonline.com/perfumeria/cuidado-personal/jabon-tocador-original-dove-x-90-g/art_28350/,2800.0,2150.0,2150.0,0.09,kg,23888.88888888889,True,True
2025-09-16,2025-09,insecticida_raid_moscas_380cc,Insecticida Raid mata moscas y mosquitos aerosol x 380 cc,PINNED,Insecticida Raid Mata Moscas y Mosquitos en Aerosol 380 cc,https://supermercado.laanonimaonline.com/limpieza/insecticidas/insecticida-raid-mata-moscas-y-mosquitos-en-aerosol-380-cc/art_25063/,6000.0,6000.0,6000.0,0.0,l,,True,True
2025-09-16,2025-09,pomelo_kg,Pomelo (Kg),PINNED,Pomelo (Kg),https://supermercado.laanonimaonline.com/frutas-y-verduras/frutas-frescas/pomelo-kg/art_2405/,2990.0,2990.0,2990.0,1.0,unit,2990.0,True,True
2025-09-16,2025-09,crema_dental_colgate_total12_90g,Crema dental Colgate Total 12 Encías Reforzadas x 90 g,PINNED,Crema Dental Total 12 Encias Reforzadas Colgate x 90 g.,https://supermercado.laanonimaonline.com/perfumeria/cuidado-oral/cremas-dentales/crema-dental-total-12-encias-reforzadas-colgate-x-90-g/art_19155/,1250.0,1250.0,1250.0,0.09,kg,13888.888888888889,True,True
2025-09-16,2025-09,detergente_cif_bioactive_1_25l,"Detergente líquido Cif Bioactive lima x 1,25 L",PINNED,"Detergente Líquido Bioactive Lima Cif x 1,25 Lt.",https://supermercado.laanonimaonline.com/limpieza/lavavajillas/detergente-liquido-bioactive-lima-cif-x-1-25-lt/art_29206/,8400.0,8400.0,8400.0,1.25,l,6720.0,True,True
2025-09-16,2025-09,arroz_apostoles_1kg,Arroz grano largo fino Apóstoles x 1 kg,PINNED,Arroz Grano Largo Fino 00000 Apóstoles x 1 Kg.,https://supermercado.laanonimaonline.com/almacen/arroz-pastas-y-legumbres/arroz/arroz-grano-largo-fino-00000-apostoles-x-1-kg/art_2686/,1900.0,1900.0,1900.0,1.0,kg,1900.0,True,True
2025-09-16,2025-09,toallitas_huggies_limpieza_total_48un,Toallitas húmedas Huggies Limpieza Total x 48 un,PINNED,Toallitas Húmedas Limpieza Total Huggies x 48 un.,https://supermercado.laanonimaonline.com/mundo-bebe/toallitas-humedas-limpieza-total-huggies-x-48-un/art_14924/,4750.0,4750.0,4750.0,1.0,unit,4750.0,True,True
2025-09-16,2025-09,gatorade_limon_sin_azucar_500cc,Isotónica Gatorade Limón sin azúcar botella 500 cc,PINNED,Isotónica Gatorade Limon Sin Azúcar Botella 500cc x1,https://supermercado.laanonimaonline.com/bebidas/isotonicas-y-energizantes/isotonica-gatorade-limon-sin-azucar-botella-500cc-x1/art_18999/,390.0,390.0,390.0,0.0,l,,True,True
2025-09-16,2025-09,cebolla_kg,Cebolla (Kg),PINNED,Cebolla (Kg),https://supermercado.laanonimaonline.com/frutas-y-verduras/verduras-frescas/cebolla-kg/art_56/,1399.0,799.0,799.0,1.0,unit,799.0,True,True
2025-09-16,2025-09,gatorade_naranja_500cc,Isotónica Gatorade Naranja botella 500 cc,PINNED,Isotónica Gatorade Naranja Botella 500cc x1,https://supermercado.laanonimaonline.com/bebidas/isotonicas-y-energizantes/isotonica-gatorade-naranja-botella-500cc-x1/art_7501/,390.0,390.0,390.0,0.0,l,,True,True
2025-09-16,2025-09,tomate_perita_kg,Tomate perita (Kg),PINNED,Tomate Redondo (Kg),https://supermercado.laanonimaonline.com/frutas-y-verduras/frutas-y-verduras/tomate-redondo-kg/art_2390/,4990.0,4990.0,4990.0,1.0,unit,4990.0,True,True
2025-09-16,2025-09,patamuslo_la_kg,Pata muslo de pollo La Anónima (Kg),PINNED,PataMuslo de Pollo La Anónima (Kg),https://supermercado.laanonimaonline.com/carniceria/patamuslo-de-pollo-la-anonima-kg/art_1627/,5890.0,5890.0,5890.0,1.0,unit,5890.0,True,True
2025-09-16,2025-09,pata_muslo_pollolin_kg,Pata muslo bandeja Pollolín (Kg),PINNED,Pata Muslo Bandeja Pollolin (Kg),https://supermercado.laanonimaonline.com/carniceria/pollo/pata-muslo-bandeja-pollolin-kg/art_2333/,7990.0,7990.0,7990.0,1.0,unit,7990.0,True,True
2025-09-16,2025-09,lechuga_unidad,Lechuga x unidad,PINNED,Lechuga x unidad,https://supermercado.laanonimaonline.com/frutas-y-verduras/lechuga-x-unidad/art_1433/,1995.0,1995.0,1995.0,1.0,unit,1995.0,True,True
2025-09-16,2025-09,lechuga_hidroponica_unidad,Lechuga hidropónica x unidad,PINNED,Lechuga Hidropónica x unidad,https://supermercado.laanonimaonline.com/frutas-y-verduras/lechuga-hidroponica-x-unidad/art_536/,2890.0,2890.0,2890.0,1.0,unit,2890.0,True,True
2025-09-16,2025-09,desodorante_rexona_aerosol_nutritive_150cc,Antitranspirante Rexona Nutritive aerosol x 150 cc,PINNED,Antitranspirante Aerosol Nutritive Rexona x 150 cc.,https://supermercado.laanonimaonline.com/desodorantes/antitranspirante-aerosol-nutritive-rexona-x-150-cc/art_14504/,327.0,327.0,327.0,0.15,l,2180.0,True,True
2025-09-16,2025-09,cafe_la_planta_250g,Café molido La Planta de Café x 250 g,PINNED,Café Molido La Planta de Café x 250 g.,https://supermercado.laanonimaonline.com/almacen/almacen/cafe-molido-la-planta-de-cafe-x-250-g/art_1986/,6250.0,6250.0,6250.0,0.25,kg,25000.0,True,True
2025-09-16,2025-09,toallitas_huggies_48un,Toallitas húmedas Huggies Protect Plus x 48 un,PINNED,Toallitas Húmedas Protect Plus Huggies x 48 Un.,https://supermercado.laanonimaonline.com/perfumeria/bebes/toallitas-humedas-protect-plus-huggies-x-48-un/art_24757/,6400.0,6400.0,6400.0,1.0,unit,6400.0,True,True
2025-09-16,2025-09,lavandina_gel_odex_700cc,Lavandina gel Odex x 700 cc,PINNED,Lavandina Gel Original Odex x 700 cc.,https://supermercado.laanonimaonline.com/limpieza/cocina-y-bano/lavandina/lavandina-gel-original-odex-x-700-cc/art_17714/,2050.0,2050.0,2050.0,0.7,l,2928.571428571429,True,True
2025-09-16,2025-09,milanesa_pechuga_la_kg,Milanesas de pechuga de pollo La Anónima (Kg),PINNED,Milanesas de Pechuga de Pollo La Anónima (Kg),https://supermercado.laanonimaonline.com/carniceria/milanesas-de-pechuga-de-pollo-la-anonima-kg/art_1389/,10990.0,10990.0,10990.0,1.0,unit,10990.0,True,True
2025-09-16,2025-09,hamb_swift_4u_276g,Medallones de carne Swift x 4 un. 276 g,PINNED,Medallones de Carne Vacuna Swift x 4 un. 276 gr.,https://supermercado.laanonimaonline.com/congelados/hamburguesas/medallones-de-carne-vacuna-swift-x-4-un-276-gr/art_2529/,3650.0,3650.0,3650.0,0.162,kg,22530.864197530864,True,True
2025-09-16,2025-09,desodorante_axe_blue_lavanda_150cc,Desodorante Axe Blue Lavanda aerosol x 150 cc,PINNED,Desodorante Aerosol Blue Lavanda Axe x 150 cc.,https://supermercado.laanonimaonline.com/perfumeria/desodorantes/desodorante-aerosol-blue-lavanda-axe-x-150-cc/art_27750/,5450.0,5450.0,5450.0,0.15,l,36333.333333333336,True,True
2025-09-16,2025-09,leche_entera_laserenisima_1l,Leche entera clásica 3% La Serenísima x 1 lt,PINNED,Leche Entera Clásica 3 % La Serenísima x 1 Lt.,https://supermercado.laanonimaonline.com/frescos/lacteos/leches/leche-entera-clasica-3-la-serenisima-x-1-lt/art_27579/,1380.0,1380.0,1380.0,1.0,l,1380.0,True,True
2025-09-16,2025-09,papa_granel_kg,Papa granel (Kg),PINNED,Papa Granel (Kg),https://supermercado.laanonimaonline.com/frutas-y-verduras/verduras-frescas/papa-granel-kg/art_58/,1499.0,1499.0,1499.0,1.0,unit,1499.0,True,True
2025-09-16,2025-09,yogur_bebible_cremigal_frutilla_1kg,Yogur bebible frutilla Cremigal x 1 kg,PINNED,Yogur Bebible Frutilla Cremigal x 1 Kg.,https://supermercado.laanonimaonline.com/frescos/lacteos/yogures/yogur-bebible-frutilla-cremigal-x-1-kg/art_28092/,2050.0,2050.0,2050.0,1.0,kg,2050.0,True,True
2025-09-16,2025-09,filet_pechuga_pollolin_kg,Filet de pechuga bandeja Pollolín (Kg),PINNED,Filet de Pechuga Bandeja Pollolin (Kg),https://supermercado.laanonimaonline.com/carniceria/filet-de-pechuga-bandeja-pollolin-kg/art_2327/,14990.0,14990.0,14990.0,1.0,unit,14990.0,True,True
2025-09-16,2025-09,sal_fina_paquete_dos_anclas_500g,Sal fina paquete Dos Anclas x 500 g,PINNED,Sal Fina Paquete Dos Anclas x 500 g.,https://supermercado.laanonimaonline.com/almacen/aceite-aderezos-y-condimentos/sal-fina-paquete-dos-anclas-x-500-g/art_27748/,1350.0,1350.0,1350.0,0.5,kg,2700.0,True,True
2025-09-16,2025-09,carre_hueso_la_kg,Carré c/ hueso de cerdo La Anónima (Kg),PINNED,Carre c/ Hueso de Cerdo La Anónima (Kg),https://supermercado.laanonimaonline.com/carniceria/cerdo/carre-c-hueso-de-cerdo-la-anonima-kg/art_14315/,8890.0,8890.0,8890.0,1.0,unit,8890.0,True,True
2025-09-16,2025-09,desodorante_axe_dark_150cc,Desodorante Axe Dark Temptation aerosol x 150 cc,PINNED,Desodorante Aerosol Dark Temptation Axe x 150 cc.,https://supermercado.laanonimaonline.com/perfumeria/desodorantes/desodorante-aerosol-dark-temptation-axe-x-150-cc/art_18976/,4100.0,4100.0,4100.0,0.15,l,27333.333333333336,True,True
2025-09-16,2025-09,yerba_playadito_500g,Yerba mate c/palo Suave Playadito x 500 g,PINNED,Yerba Mate c/Palo Suave Playadito x 500 g.,https://supermercado.laanonimaonline.com/almacen/desayuno-y-merienda/yerba-mate-c-palo-suave-playadito-x-500-g/art_12711/,2650.0,2650.0,2650.0,0.5,kg,5300.0,True,True
2025-09-16,2025-09,cafe_cabrales_molido_250g,Café molido tostado Cabrales x 250 g,PINNED,Café Molido Tostado Cabrales x 250 g.,https://supermercado.laanonimaonline.com/almacen/infusiones/cafe/cafe-molido-tostado-cabrales-x-250-g/art_19877/,12000.0,12000.0,12000.0,0.25,kg,48000.0,True,True
2025-09-16,2025-09,bondiola_la_kg,Bondiola de cerdo La Anónima (Kg),PINNED,Carnicería,https://supermercado.laanonimaonline.com/carniceria/n1_8/,10590.0,10590.0,10590.0,1.0,unit,10590.0,True,True
2025-09-16,2025-09,manteca_ilolay_200g,Manteca extra fortificada con vitamina D Ilolay x 200 g,PINNED,Manteca Extra Fortificada con Vitamina D Ilolay x 200 g.,https://supermercado.laanonimaonline.com/frescos/lacteos/manteca-y-margarina/manteca-extra-fortificada-con-vitamina-d-ilolay-x-200-g/art_27725/,1950.0,4350.0,4350.0,0.2,kg,21750.0,True,True
2025-09-16,2025-09,pera_kg,Pera (Kg),PINNED,Melón (Kg),https://supermercado.laanonimaonline.com/frutas-y-verduras/frutas-frescas/pera-kg/art_2400/,3990.0,3990.0,3990.0,1.0,unit,3990.0,True,True
2025-09-16,2025-09,lavandina_ayudin_1l,Lavandina original Ayudín x 1 L,PINNED,Lavandina Original Ayudin x 1Lt.,https://supermercado.laanonimaonline.com/limpieza/cocina-y-bano/lavandina/lavandina-original-ayudin-x-1lt/art_2498/,1350.0,810.0,810.0,1.0,l,810.0,True,True
2025-09-16,2025-09,zapallito_largo_kg,Zapallito largo (Kg),PINNED,Mandarina (Kg),https://supermercado.laanonimaonline.com/frutas-y-verduras/verduras-frescas/zapallito-largo-kg/art_2396/,2390.0,2390.0,2390.0,1.0,unit,2390.0,True,True
2025-09-16,2025-09,lavandina_ayudin_lavanda_1l,Lavandina Ayudín Lavanda Triple Poder x 1 L,PINNED,Lavandina Lavanda Triple Poder Ayudín x 1 lt.,https://supermercado.laanonimaonline.com/limpieza/cocina-y-bano/lavandina/lavandina-lavanda-triple-poder-ayudin-x-1-lt/art_12438/,1450.0,1750.0,1750.0,1.0,l,1750.0,True,True
2025-09-16,2025-09,toallas_always_noche_8un,Toallas higiénicas Always Noche x 8 un,PINNED,Toalla Higiénica Ultra Plus Noche Suave Always x 8 Un.,https://supermercado.laanonimaonline.com/perfumeria/cuidado-personal/toalla-higienica-ultra-plus-noche-suave-always-x-8-un/art_19781/,699.0,699.0,699.0,1.0,unit,699.0,True,True
2025-09-16,2025-09,shampoo_pantene_hidratacion_400cc,Shampoo Pantene hidratación x 400 cc,PINNED,Shampoo Hidratación Pantene x 400 cc.,https://supermercado.laanonimaonline.com/shampoo-hidrataci-1n-pantene-x-400-cc/art_17829/,1029.0,1029.0,1029.0,0.4,l,2572.5,True,True
2025-09-16,2025-09,jabon_polvo_ariel_800g,Jabón en polvo Ariel baja espuma x 800 g,PINNED,Jabón Polvo Baja Espuma Limpeza Profunda Ariel x 800 g.,https://supermercado.laanonimaonline.com/limpieza/ropa/jabon-polvo-baja-espuma-limpeza-profunda-ariel-x-800-g/art_29739/,3450.0,3450.0,3450.0,0.8,kg,4312.5,True,True
2025-09-16,2025-09,antigrasa_mr_musculo_repuesto_900cc,Antigrasa Mr. Músculo repuesto x 900 cc,PINNED,Limpiador de Cocina Mr Musculo Antigrasa Repuesto 900 cc,https://supermercado.laanonimaonline.com/limpieza/cocina-y-bano/detergentes-y-antigrasas/limpiador-de-cocina-mr-musculo-antigrasa-repuesto-900-cc/art_17975/,3750.0,3750.0,3750.0,0.0,l,,True,True
2025-09-16,2025-09,bastoncitos_merluza_artico_300g,Bastoncitos de merluza crocantes Artico x 300 g,PINNED,Bastoncitos de Merluza Crocantes Artico x 300 g.,https://supermercado.laanonimaonline.com/congelados/bastoncitos-de-merluza-crocantes-artico-x-300-g/art_28971/,2350.0,2350.0,2350.0,0.3,kg,7833.333333333334,True,True
2025-09-16,2025-09,acond_pantene_max_restauracion_400cc,Acondicionador Pantene Max Restauración x 400 cc,PINNED,Acondicionador Pantene MAX PRO-V Restauración x 400 cc.,https://supermercado.laanonimaonline.com/perfumeria/cuidado-cabello/acondicionador-pantene-max-pro-v-restauracion-x-400-cc/art_974/,411.0,411.0,411.0,0.4,l,1027.5,True,True
2025-09-16,2025-09,cafe_la_virginia_equilibrado_250g,Café molido torrado equilibrado La Virginia x 250 g,PINNED,Café Molido Torrado Equilibrado La Virginia x 250 g.,https://supermercado.laanonimaonline.com/almacen/infusiones/cafe/cafe-molido-torrado-equilibrado-la-virginia-x-250-g/art_14995/,6100.0,4270.0,4270.0,0.25,kg,17080.0,True,True
2025-09-16,2025-09,cebolla_roja_kg,Cebolla roja (Kg),PINNED,Cebolla Roja (Kg),https://supermercado.laanonimaonline.com/frutas-y-verduras/cebolla-roja-kg/art_3302/,1490.0,1490.0,1490.0,1.0,unit,1490.0,True,True
2025-09-16,2025-09,falda_nt_kg,Falda NT (Kg),PINNED,Falda NT (Kg),https://supermercado.laanonimaonline.com/carniceria/falda-nt-kg/art_6775/,11160.0,11160.0,11160.0,1.0,unit,11160.0,True,True
2025-09-16,2025-09,yogur_firme_laserenisima_frutilla_190g,Yogur firme descremado frutilla La Serenísima 190 g,PINNED,Yogur Firme Descremado Frutilla La Serenísima Clásico 190 g.,https://supermercado.laanonimaonline.com/frescos/lacteos/yogures/yogur-firme-descremado-frutilla-la-serenisima-clasico-190-g/art_24524/,1650.0,1650.0,1650.0,0.0,kg,,True,True
2025-09-16,2025-09,yogur_firme_ser_vainilla_190g,Yogur firme sabor vainilla Ser 190 g,PINNED,Yogur Firme Sabor Vainilla Ser 190g,https://supermercado.laanonimaonline.com/frescos/lacteos/yogur-firme-sabor-vainilla-ser-190g/art_22785/,2250.0,2250.0,2250.0,0.0,kg,,True,True
2025-09-16,2025-09,pulpa_tomate_salsati_520g,Pulpa de tomate Salsati brick x 520 g,PINNED,Pulpa de Tomate Salsati Brick x 520 g.,https://supermercado.laanonimaonline.com/almacen/conservas-y-encurtidos/pulpa-de-tomate-salsati-brick-x-520-g/art_3766/,1100.0,1100.0,1100.0,0.52,kg,2115.3846153846152,True,True
2025-09-16,2025-09,cafe_los_5_hispanos_250g,Café molido Los 5 Hispanos x 250 g,PINNED,Café Molido los 5 Hispanos x 250 g.,https://supermercado.laanonimaonline.com/almacen/cafe-molido-los-5-hispanos-x-250-g/art_3364/,4950.0,4950.0,4950.0,0.25,kg,19800.0,True,True
2025-09-16,2025-09,fideos_tallarines_arcor_500g,Fideos Tallarín Arcor x 500 g,PINNED,Fideos Tallarín Arcor x 500 g.,https://supermercado.laanonimaonline.com/almacen/arroz-pastas-y-legumbres/fideos-tallarin-arcor-x-500-g/art_13658/,1450.0,1160.0,1160.0,0.5,kg,2320.0,True,True
2025-09-16,2025-09,harina_pureza_000_1kg,Harina de trigo 000 Ultra Refinada Pureza x 1 kg,PINNED,Harina de Trigo 000 Ultra Refinada Pureza x 1 Kg.,https://supermercado.laanonimaonline.com/almacen/harina-y-pan-rallado/harina-de-trigo/harina-de-trigo-000-ultra-refinada-pureza-x-1-kg/art_22451/,1200.0,1200.0,1200.0,1.0,kg,1200.0,True,True
2025-09-16,2025-09,pepino_kg,Pepino (Kg),PINNED,Mango (Kg),https://supermercado.laanonimaonline.com/frutas-y-verduras/verduras-frescas/pepino-kg/art_2397/,5990.0,5990.0,5990.0,1.0,unit,5990.0,True,True
2025-09-16,2025-09,huevos_color_dt_docena,Huevo color D.T. x 12 un,PINNED,Huevo Color D.T. x 12 un.,https://supermercado.laanonimaonline.com/frescos/huevos/huevo-color-d-t-x-12-un/art_7088/,4700.0,4700.0,4700.0,1.0,unit,4700.0,True,True
2025-09-16,2025-09,zapallo_anco_kg,Zapallo anco (Kg),PINNED,Zapallo Anco (Kg),https://supermercado.laanonimaonline.com/frutas-y-verduras/zapallo-anco-kg/art_60/,899.0,899.0,899.0,1.0,unit,899.0,True,True
2025-09-16,2025-09,huevos_blancos_la_anonima_docena,Huevo blanco extra grande La Anónima x 12 un,PINNED,Huevo Blanco Extra Grande La Anónima x 12 un.,https://supermercado.laanonimaonline.com/frescos/huevos/huevo-blanco-extra-grande-la-anonima-x-12-un/art_8089/,5700.0,5700.0,5700.0,1.0,unit,5700.0,True,True
2025-09-16,2025-09,cafe_bonafide_intenso_250g,Café molido intenso Sensaciones Bonafide x 250 g,PINNED,Café Molido Intenso Sensaciones Bonafide x 250 g.,https://supermercado.laanonimaonline.com/almacen/infusiones/cafe/cafe-molido-intenso-sensaciones-bonafide-x-250-g/art_6794/,5600.0,5600.0,5600.0,0.25,kg,22400.0,True,True
2025-09-16,2025-09,manteca_la_anonima_200g,Manteca La Anónima x 200 g,PINNED,Manteca La Anónima x 200 g.,https://supermercado.laanonimaonline.com/frescos/manteca-la-anonima-x-200-g/art_2272/,3300.0,5000.0,5000.0,0.2,kg,25000.0,True,True
2025-09-16,2025-09,filet_merluza_la_500g,Filet de merluza s/ espinas La Anónima x 500 g,PINNED,Filet de Merluza s/ Espinas La Anónima x 500 gr.,https://supermercado.laanonimaonline.com/congelados/filet-de-merluza-s-espinas-la-anonima-x-500-gr/art_3119/,2250.0,8850.0,8850.0,0.5,kg,17700.0,True,True
2025-09-16,2025-09,hamb_paty_4u_288g,Hamburguesa de carne Paty x 4 un. 288 g,PINNED,Hamburguesa Carne Vacuna Paty x 4 un. 288 g.,https://supermercado.laanonimaonline.com/congelados/hamburguesas/vacuna/hamburguesa-carne-vacuna-paty-x-4-un-288-g/art_13328/,5700.0,5700.0,5700.0,0.224,kg,25446.428571428572,True,True
2025-09-16,2025-09,fideos_spaghetti_lucchetti_500g,Fideos Spaghetti N7 Lucchetti x 500 g,PINNED,Fideos Spaghetti N7 Lucchetti x 500 g.,https://supermercado.laanonimaonline.com/almacen/arroz-pastas-y-legumbres/fideos-spaghetti-n7-lucchetti-x-500-g/art_25878/,2600.0,1700.0,1700.0,0.5,kg,3400.0,True,True
2025-09-16,2025-09,arroz_maximo_1kg,Arroz largo fino Máximo x 1 kg,PINNED,Arroz Largo Fino Maximo x 1 Kg.,https://supermercado.laanonimaonline.com/almacen/arroz-pastas-y-legumbres/arroz/arroz-largo-fino-maximo-x-1-kg/art_13240/,1675.0,1675.0,1675.0,1.0,kg,1675.0,True,True
2025-09-16,2025-09,toallas_always_nocturna_16un,Toallas higiénicas Always Nocturna con alas x 16 un,PINNED,Toalla Higiénica Nocturna con Alas Suave Xtra Always x 16 Un.,https://supermercado.laanonimaonline.com/perfumeria/cuidado-personal/toalla-higienica-nocturna-con-alas-suave-xtra-always-x-16-un/art_25446/,6800.0,6800.0,6800.0,1.0,unit,6800.0,True,True
2025-09-16,2025-09,matambre_fbmeats_kg,Matambre envasado al vacío FB MEATS (Kg),PINNED,Matambre Envasado al Vacío FB MEATS (Kg),https://supermercado.laanonimaonline.com/carniceria/matambre-envasado-al-vacio-fb-meats-kg/art_28176/,2750.0,11690.0,11690.0,1.0,unit,11690.0,True,True
2025-09-16,2025-09,cepillo_oralb_triple_pack,Cepillo dental Oral-B Indicador Antibacterial x 3 un,PINNED,Cepillo Dental Indicador Antibacterial Oral B x 3 Un.,https://supermercado.laanonimaonline.com/perfumeria/cuidado-oral/cepillos-y-accesorios/cepillo-dental-indicador-antibacterial-oral-b-x-3-un/art_18379/,1500.0,1500.0,1500.0,1.0,unit,1500.0,True,True
2025-09-16,2025-09,roast_beef_best_kg,Roast beef fraccionado E/V Best (Kg),PINNED,Roast Beef Fraccionado/F E/V Best (Kg),https://supermercado.laanonimaonline.com/carniceria/carne-vacuna/roast-beef-fraccionado-f-e-v-best-kg/art_1838/,15120.0,15120.0,15120.0,1.0,unit,15120.0,True,True
2025-09-16,2025-09,cebolla_blanca_kg,Cebolla blanca (Kg),PINNED,Cebolla Blanca (Kg),https://supermercado.laanonimaonline.com/frutas-y-verduras/verduras/cebolla-blanca-kg/art_3312/,1690.0,1690.0,1690.0,1.0,unit,1690.0,True,True
2025-09-16,2025-09,desodorante_ambiente_glade_vainilla_380cc,Desodorante de ambientes Glade vainilla aerosol x 380 cc,PINNED,Desodorante de ambientes Glade Aerosol Vainilla 380 cc,https://supermercado.laanonimaonline.com/limpieza/aire/desodorante-de-ambientes-glade-aerosol-vainilla-380-cc/art_26673/,3200.0,3200.0,3200.0,0.0,l,,True,True
2025-09-16,2025-09,filet_merluza_romana_artico_500g,Filet de merluza a la romana Artico x 500 g,PINNED,Congelados,https://supermercado.laanonimaonline.com/congelados/n1_296/pma/pag/1/,15100.0,4050.0,4050.0,1.0,unit,4050.0,True,True
2025-09-16,2025-09,manteca_la_serenisima_200g,Manteca La Serenísima x 200 g,PINNED,Manteca La Serenísima x 200 g.,https://supermercado.laanonimaonline.com/frescos/lacteos/manteca-y-margarina/manteca-la-serenisima-x-200-g/art_2284/,4200.0,4200.0,4200.0,0.2,kg,21000.0,True,True
2025-09-16,2025-09,cepillo_oralb_clean_classic,Cepillo dental Oral-B Clean Classic x 1 un,PINNED,Cepillo Dental Clean Classic Oral B x 1 un.,https://supermercado.laanonimaonline.com/perfumeria/cuidado-oral/cepillos-y-accesorios/cepillo-dental-clean-classic-oral-b-x-1-un/art_14820/,150.0,150.0,150.0,1.0,unit,150.0,True,True
2025-09-16,2025-09,shampoo_dove_hidratacion_400cc,Shampoo Dove hidratación intensa x 400 cc,PINNED,Shampoo Hidratación Intensa Dove x 400 cc.,https://supermercado.laanonimaonline.com/perfumeria/cuidado-cabello/shampoo/shampoo-hidratacion-intensa-dove-x-400-cc/art_5657/,415.0,415.0,415.0,0.4,l,1037.5,True,True
2025-09-16,2025-09,detergente_magistral_750cc,Detergente líquido Magistral limón x 750 cc,PINNED,Detergente Líquido Multiuso Limón Magistral x 750 cc.,https://supermercado.laanonimaonline.com/detergente-l-1quido-multiuso-lim-1n-magistral-x-750-cc/art_11841/,301.0,301.0,301.0,0.75,l,401.3333333333333,True,True
2025-09-16,2025-09,limpiador_cremoso_mr_musculo_450cc,Limpiador cremoso Mr. Músculo lavanda x 450 cc,PINNED,Limpiador Cremoso Mr. Musculo Lavanda x 450 cc.,https://supermercado.laanonimaonline.com/limpieza/cocina-y-bano/vidrios-y-multiusos/limpiador-cremoso-mr-musculo-lavanda-x-450-cc/art_504/,137.0,137.0,137.0,0.45,l,304.44444444444446,True,True
2025-09-16,2025-09,cafe_la_virginia_arabica_250g,Café espresso molido 100% arábica La Virginia x 250 g,PINNED,Café Espresso Molido 100% Arabica La Virginia x 250 g.,https://supermercado.laanonimaonline.com/almacen/desayuno-y-merienda/cafe-espresso-molido-100-arabica-la-virginia-x-250-g/art_29021/,11150.0,11150.0,11150.0,0.25,kg,44600.0,True,True
2025-09-16,2025-09,chingolo_fbmeats_kg,Chingolo envasado al vacío FB MEATS (Kg),PINNED,Chingolo Envasado al Vacío FB MEATS (Kg),https://supermercado.laanonimaonline.com/carniceria/chingolo-envasado-al-vacio-fb-meats-kg/art_28180/,5159.0,10140.0,10140.0,1.0,unit,10140.0,True,True
2025-09-16,2025-09,manteca_primer_premio_200g,Manteca Primer Premio x 200 g,PINNED,Manteca Primer Premio x 200 g.,https://supermercado.laanonimaonline.com/frescos/lacteos/manteca-y-margarina/manteca-primer-premio-x-200-g/art_1473/,2900.0,2900.0,2900.0,0.2,kg,14500.0,True,True
2025-09-16,2025-09,morrón_colorado_kg,Morrón colorado (Kg),PINNED,Morrón Colorado (Kg),https://supermercado.laanonimaonline.com/frutas-y-verduras/morron-colorado-kg/art_2372/,9490.0,9490.0,9490.0,1.0,unit,9490.0,True,True
2025-09-16,2025-09,yogur_firme_dahi_natural_190g,Yogur firme descremado natural Dahi 190 g,PINNED,Yogur Firme Descremado Natural Dahi x 190 g.,https://supermercado.laanonimaonline.com/frescos/lacteos/yogures/yogur-firme-descremado-natural-dahi-x-190-g/art_25948/,2350.0,2350.0,2350.0,0.19,kg,12368.421052631578,True,True
2025-09-16,2025-09,manzana_grany_kg,Manzana Grany elegida (Kg),PINNED,Manzana Grany Elegida (Kg),https://supermercado.laanonimaonline.com/frutas-y-verduras/frutas-frescas/manzana-grany-elegida-kg/art_2398/,4390.0,4390.0,4390.0,1.0,unit,4390.0,True,True
2025-09-16,2025-09,sal_entrefina_parrillera_dos_anclas_500g,Sal entrefina parrillera Dos Anclas estuche x 500 g,PINNED,Sal Entrefina Parrillera Dos Anclas Estuche x 500 g.,https://supermercado.laanonimaonline.com/almacen/aceite-aderezos-y-condimentos/sal-entrefina-parrillera-dos-anclas-estuche-x-500-g/art_2411/,1250.0,1250.0,1250.0,0.5,kg,2500.0,True,True
2025-09-16,2025-09,bastones_merluza_best_300g,Bastones de merluza rebozados Best x 300 g,PINNED,Bastones de Merluza Rebozados Best x 300 g.,https://supermercado.laanonimaonline.com/congelados/pescados-y-mariscos/bastones-de-merluza-rebozados-best-x-300-g/art_28985/,3000.0,3000.0,3000.0,0.3,kg,10000.0,True,True
2025-09-16,2025-09,nuggets_sadia_300g,Nuggets de pollo crocantes Sadia x 300 g,PINNED,Nuggets de Pollo Crocantes Sadia x 300 g.,https://supermercado.laanonimaonline.com/congelados/nuggets-de-pollo-crocantes-sadia-x-300-g/art_18497/,5100.0,5100.0,5100.0,0.3,kg,17000.0,True,True
2025-09-16,2025-09,ajo_bolsita_kg,Ajo en bolsita (Kg),PINNED,Ajo En Bolsita (Kg),https://supermercado.laanonimaonline.com/frutas-y-verduras/verduras/ajo-en-bolsita-kg/art_55/,16990.0,16990.0,16990.0,1.0,unit,16990.0,True,True
2025-09-16,2025-09,naranja_kg,Naranja (Kg),PINNED,Naranja (Kg),https://supermercado.laanonimaonline.com/frutas-y-verduras/frutas-frescas/naranja-kg/art_2401/,1999.0,1999.0,1999.0,1.0,unit,1999.0,True,True
2025-09-16,2025-09,cafe_cabrales_colombia_250g,Café molido tostado Colombia Cabrales x 250 g,PINNED,Café Molido Tostado Colombia Cabrales x 250 g.,https://supermercado.laanonimaonline.com/almacen/cafe-molido-tostado-colombia-cabrales-x-250-g/art_19882/,21150.0,21150.0,21150.0,0.25,kg,84600.0,True,True
2025-09-16,2025-09,coca_cola_zero_1_5l,"Gaseosa Coca-Cola Zero PET x 1,5 L",PINNED,"Gaseosa Cola Diet Coca-Cola Zero Pet x 1,5 lt.",https://supermercado.laanonimaonline.com/bebidas/gaseosa-cola-diet-coca-cola-zero-pet-x-1-5-lt/art_2608/,2200.0,2200.0,2200.0,1.5,l,1466.6666666666667,True,True
2025-09-16,2025-09,arroz_knorr_1kg,Arroz grano largo fino Knorr x 1 kg,PINNED,Arroz Grano Largo Fino 00000 Knorr x 1 Kg.,https://supermercado.laanonimaonline.com/almacen/arroz-y-legumbres/arroz-grano-largo-fino-00000-knorr-x-1-kg/art_5581/,91.0,91.0,91.0,1.0,kg,91.0,True,True
2025-09-16,2025-09,coca_cola_1_5l,"Gaseosa Coca-Cola PET x 1,5 L",PINNED,"Gaseosa Cola Coca-Cola Pet x 1,5 lt.",https://supermercado.laanonimaonline.com/bebidas/gaseosa-cola-coca-cola-pet-x-1-5-lt/art_2175/,1450.0,3300.0,3300.0,1.5,l,2200.0,True,True
2025-09-16,2025-09,queso_cremoso_noalsa_1kg,Queso cremoso horma fraccionada Noalsa x 1 kg,PINNED,Queso Cremoso Horma Fraccionada Noalsa x 1 Kg.,https://supermercado.laanonimaonline.com/frescos/quesos-y-fiambres/queso-cremoso-horma-fraccionada-noalsa-x-1-kg/art_23082/,10200.0,10200.0,10200.0,1.0,kg,10200.0,True,True
2025-09-16,2025-09,lechuga_francesa_envasada_250g,Lechuga francesa envasada x 250 g,PINNED,Huevo Color Estuche Plástico x 6 un.,https://supermercado.laanonimaonline.com/frutas-y-verduras/lechuga-francesa-envasada-x-250-gr/art_3334/,3050.0,3050.0,3050.0,1.0,unit,3050.0,True,True
2025-09-16,2025-09,enjuague_listerine_zero_500cc,Enjuague bucal Listerine Zero Alcohol x 500 cc,PINNED,Enjuague Bucal Zero Alcohol Listerine x 500 cc.,https://supermercado.laanonimaonline.com/perfumeria/cuidado-oral/enjuagues/enjuague-bucal-zero-alcohol-listerine-x-500-cc/art_18105/,1900.0,1900.0,1900.0,0.5,l,3800.0,True,True
2025-09-16,2025-09,arroz_molinos_ala_1kg,Arroz grano largo fino Molinos Ala x 1 kg,PINNED,Arroz Grano Largo Fino Molinos Ala x 1 kg.,https://supermercado.laanonimaonline.com/almacen/arroz-pastas-y-legumbres/arroz-grano-largo-fino-molinos-ala-x-1-kg/art_2440/,1500.0,1500.0,1500.0,1.0,kg,1500.0,True,True
2025-09-16,2025-09,filet_pechuga_la_kg,Filet de pechuga La Anónima (Kg),PINNED,Filet de Pechuga La Anónima (Kg),https://supermercado.laanonimaonline.com/carniceria/pollo/filet-de-pechuga-la-anonima-kg/art_1625/,6359.0,11690.0,11690.0,1.0,unit,11690.0,True,True
2025-09-16,2025-09,batata_kg,Batata (Kg),PINNED,Batata (Kg),https://supermercado.laanonimaonline.com/frutas-y-verduras/verduras/verduras-frescas/batata-kg/art_2375/,1599.0,1599.0,1599.0,1.0,unit,1599.0,True,True
2025-09-16,2025-09,queso_rallado_manfrey_40g,Queso rallado Manfrey x 40 g,PINNED,Queso Rallado Manfrey x 40 g.,https://supermercado.laanonimaonline.com/frescos/quesos-y-fiambres/queso-rallado-manfrey-x-40-g/art_7247/,1100.0,1100.0,1100.0,0.04,kg,27500.0,True,True
2025-09-16,2025-09,pechito_cerdo_la_kg,Pechito de cerdo c/ hueso La Anónima (Kg),PINNED,Pechito de Cerdo c/ Hueso La Anónima (Kg),https://supermercado.laanonimaonline.com/carniceria/cerdo/pechito-de-cerdo-c-hueso-la-anonima-kg/art_776/,9890.0,9890.0,9890.0,1.0,unit,9890.0,True,True
2025-09-16,2025-09,yogur_bebible_sancor_yogs_vainilla_1kg,Yogur bebible Sancor Yogs vainilla sachet x 1 kg,PINNED,Yogur Bebible Sancor Yogs Vainilla Sachet x 1 Kg.,https://supermercado.laanonimaonline.com/frescos/lacteos/yogur-bebible-sancor-yogs-vainilla-sachet-x-1-kg/art_4356/,99.0,99.0,99.0,1.0,kg,99.0,True,True
2025-09-16,2025-09,vacio_fbmeats_kg,Vacío envasado al vacío FB MEATS (Kg),PINNED,Vacío Envasado al Vacío FB MEATS (Kg),https://supermercado.laanonimaonline.com/carniceria/vacio-envasado-al-vacio-fb-meats-kg/art_28177/,5159.0,11990.0,11990.0,1.0,unit,11990.0,True,True
2025-09-16,2025-09,arroz_dos_hermanos_1kg,Arroz grano largo fino Dos Hermanos x 1 kg,PINNED,Arroz Grano Largo Fino 00000 Dos Hermanos x 1 Kg.,https://supermercado.laanonimaonline.com/almacen/arroz-pastas-y-legumbres/arroz-grano-largo-fino-00000-dos-hermanos-x-1-kg/art_14392/,1900.0,1900.0,1900.0,1.0,kg,1900.0,True,True
2025-09-16,2025-09,hamb_swift_12u_828g,Medallones de carne Swift x 12 un. 828 g,PINNED,Medallones de Carne Vacuna x 12 un. Swift x 828 gr.,https://supermercado.laanonimaonline.com/congelados/hamburguesas/vacuna/medallones-de-carne-vacuna-x-12-un-swift-x-828-gr/art_3271/,2250.0,10550.0,10550.0,0.828,kg,12741.545893719807,True,True
2025-09-16,2025-09,brocoli_kg,Brócoli (Kg),PINNED,Frutilla (Kg),https://supermercado.laanonimaonline.com/frutas-y-verduras/verduras-frescas/brocoli-kg/art_2394/,12999.0,12999.0,12999.0,1.0,unit,12999.0,True,True
2025-09-16,2025-09,pizza_pietro_470g,Pizza con mozzarella Pietro x 470 g,PINNED,Pizza con Mozzarella Pietro x 470 g.,https://supermercado.laanonimaonline.com/congelados/empanadas-pizzas-y-tartas/pizza-con-mozzarella-pietro-x-470-g/art_26103/,3200.0,8450.0,8450.0,0.47,kg,17978.72340425532,True,True
2025-09-16,2025-09,arveja_la_300g,Arveja supercongelada La Anónima x 300 g,PINNED,Arveja Supercongelada La Anónima x 300 gr.,https://supermercado.laanonimaonline.com/congelados/papas-y-vegetales/arveja-supercongelada-la-anonima-x-300-gr/art_108/,2990.0,4150.0,4150.0,0.3,kg,13833.333333333334,True,True
2025-09-16,2025-09,gatorade_berry_sin_azucar_500cc,Isotónica Gatorade Berry sin azúcar botella 500 cc,PINNED,Isotónica Gatorade Berry Sin Azúcar Botella 500cc x1,https://supermercado.laanonimaonline.com/bebidas/isotonicas-y-energizantes/isotonica-gatorade-berry-sin-azucar-botella-500cc-x1/art_19000/,1850.0,1850.0,1850.0,0.0,l,,True,True
2025-09-16,2025-09,leche_entera_botella_laserenisima_1l,Leche L.V. Entera clásica 3% La Serenísima botella x 1 lt,PINNED,Leche L.V. Entera Clásica 3% La Serenísima Botella x 1 Lt.,https://supermercado.laanonimaonline.com/frescos/lacteos/leches/leche-l-v-entera-clasica-3-la-serenisima-botella-x-1-lt/art_1732/,2600.0,2600.0,2600.0,1.0,l,2600.0,True,True
2025-09-16,2025-09,limpiador_bano_mr_musculo_500cc,Limpiador de baño Mr. Músculo gatillo x 500 cc,PINNED,Limpiador Líquido Baño Mr. Musculo Gatillo x 500 cc.,https://supermercado.laanonimaonline.com/limpieza/cocina-y-bano/limpiadores-bano/limpiador-liquido-bano-mr-musculo-gatillo-x-500-cc/art_689/,229.0,229.0,229.0,0.5,l,458.0,True,True
2025-09-16,2025-09,harina_morixe_000_1kg,Harina de trigo 000 Morixe x 1 kg,PINNED,Harina de Trigo 000 Morixe x 1 Kg.,https://supermercado.laanonimaonline.com/almacen/harinas/harinas-de-trigo/harina-de-trigo-000-morixe-x-1-kg/art_2045/,940.0,750.0,750.0,1.0,kg,750.0,True,True
